place_name,district,state,category,latitude,longitude,tags,activities,best_season,vibe,description,rating,image_url,reviews,Sentiment Score,Sentiment Label
Aaiyappa Mandir,Bokaro,Jharkhand,Temple,23.664956,86.169001,"religious,spiritual,heritage","worship,sightseeing",All Season,peaceful,"Aaiyappa Mandir in Bokaro Steel City is a prominent Hindu temple dedicated primarily to Lord Ayyappa, serving as a spiritual and cultural hub for devotees, especially from the South Indian community. The temple was inaugurated on 11th July 1983, fulfilling a long-cherished aspiration of Lord Ayyappa devotees in the region. The main deity is Lord Ayyappa (Sri Dharma Sastha), worshipped as an incarnation of Lord Vishnu. Other deities includes, Lord Shiva, Lord Vishnu, Lord Ganesha, Lord Kartikeya, Goddess Bhagavati, Lord Ram & Sita, Lord Anjaneya, Nagaraja, Nagayakshi, and the Navagraha.",4.6,https://imgs.search.brave.com/vP79k7LN3PWcXu1aDbY9UB98AkHxS7bsioNcL6x2NQw/rs:fit:860:0:0:0/g:ce/aHR0cHM6Ly9jb250/ZW50LmpkbWFnaWNi/b3guY29tL2NvbXAv/Ym9rYXJvL3U3Lzk5/OTlwNjU0Mi42NTQy/LjE5MDgyMTExMjkw/Mi51NXU3L2NhdGFs/b2d1ZS9heXlhcHBh/LXRlbXBsZS1ib2th/cm8tdGVtcGxlcy16/N3ZjenVvYXM1Lmpw/Zz93PTM4NDAmcT03/NQ,No review text was available for this Temple in the source data.,,N/A (no review data)
Baidyanath Temple,Deoghar,Jharkhand,Temple,24.49273819,86.6999656,"religious,spiritual,heritage","worship,sightseeing",All Season,peaceful,"Baidyanath Temple in Deoghar, Jharkhand, is one of the twelve Jyotirlingas and a significant Shakti Peeth, attracting devotees seeking spiritual blessings and healing. The temple complex consists of central shrine plus 21 additional temples, designed in the Nagara architectural style, with a pyramid-shaped shikhara standing around 72 feet tall. According to legend, the demon king Ravana worshipped Lord Shiva here, offering his heads as penance. Shiva, pleased with the devotion, granted him a lingam to take to Lanka, which became fixed at Deoghar due to divine intervention. This lingam is considered Swayambhu, self-manifested, and devotees believe it possesses healing properties, giving Shiva the name Baidyanath, the “Lord of Physicians”.",4.5,https://d3sftlgbtusmnv.cloudfront.net/blog/wp-content/uploads/2024/11/Baidyanath-Temple-1-840x425.jpg,"Baba Baidyanath Dham is a deeply revered Jyotirlinga temple, but recent visitor reviews are overwhelmingly critical of the on-ground experience — citing chaotic crowd management, aggressive pandas (priests), and poor cleanliness that overshadow the site's spiritual importance.",-0.964,Mixed
Basukinath,Deoghar,Jharkhand,Temple,24.3896138,87.0702427,"religious,spiritual,heritage","worship,sightseeing",All Season,peaceful,"Basukinath, located in Dumka district, Jharkhand, is a revered Hindu pilgrimage town famous for the Baba Basukinath Temple dedicated to Lord Shiva, attracting thousands of devotees annually, particularly during the Shravani Mela. It is a renowned Hindu pilgrimage site, closely linked with Baidyanath Dham in Deoghar, forming an important spiritual circuit for devotees visiting Lord Shiva. Deity: Lord Shiva, also revered as Baba Bhole Nath. Architecture: Nagara style, featuring a lotus-shaped dome with white marble construction. The temple is approximately 150 years old and was built by a tribal devotee named Basaki Tatme.",4.4,https://upload.wikimedia.org/wikipedia/commons/4/4a/Baba_Basukinath_Temple_complex_at_Basukinath%2C_Jharkhand_08.jpg,"Basukinath is a peaceful pilgrimage stop commonly combined with a Baidyanath Dham visit, known for its Nandi statue and relatively easy darshan — though visitors should expect insistent pandas/photographers and some hygiene concerns with roadside food.",0.758,Positive
Bhadrakali Temple,Hazaribagh,Jharkhand,Temple,23.99259708,85.36356734,"religious,spiritual,heritage","worship,sightseeing",All Season,peaceful,"Bhadrakali Temple at Itkhori is a centuries-old sacred site where Hinduism, Buddhism, and Jainism converge, renowned for its historic architecture, spiritual significance, and cultural heritage. The temple is situated at the confluence of the Mahane and Baksa rivers ( ). Nearby airports are Bodh Gaya Airport ( Travel by personal vehicle is convenient and scenic ( ). Built around the 9th century by King Mahendra Pal II of the Pala dynasty, the temple is dedicated to Goddess Bhadrakali, an incarnation of Durga ( ).",4.3,https://i0.wp.com/weekendyaari.in/wp-content/uploads/2025/09/Bhadrakali-Temple-Warangal.jpg?w=700&ssl=1,"Bhadrakali Temple offers a genuinely devotional experience with the chance to touch the Shivling directly, best enjoyed on an early-morning visit — but queue management is often chaotic, and one visitor reported aggressive individuals demanding money near the parking area. (One of the four scraped reviews was actually about an unrelated temple in Maharashtra and was excluded.)",-0.166,Negative
Bhatinda Fall,Dhanbad,Jharkhand,Waterfall,23.71166334,86.33170341,"nature,waterfall,photography,scenic","sightseeing,picnic,photography","Monsoon,Winter",adventurous,"Bhatinda Fall in Dhanbad, Jharkhand, is a picturesque and easily accessible waterfall celebrated for its rocky cascades and tranquil surroundings, ideal for picnics and nature lovers. It lies amidst rugged hillocks and lush greenery, offering a peaceful retreat from city life. The waterfalls are surrounded by enormous rocky boulders, and the cascading water flows gently over multiple tiers, giving it a unique and serene appearance. River Confluence: The Katari and Damodar rivers meet near the falls, creating a scenic water body. Bhatinda Fall is a three-tier waterfall, relatively low in height but wide, making it easy to walk near the flow and enjoy photography.",4.3,https://dynamic-media-cdn.tripadvisor.com/media/photo-o/0b/c4/8c/7b/bhatinda-falls-at-its.jpg?w=900&h=500&s=1,"Bhatinda Fall is a scenic rocky waterfall close to Dhanbad, free to enter, and a popular day-trip/picnic spot — but repeated litter and poor site maintenance are a common complaint.",0.064,Mixed
Birsa Deer Park,Ranchi,Jharkhand,Park,23.18625641,85.28321894,"nature,greenery","walking,picnic,relax,photography","Winter,Spring",family-friendly,"Birsa Deer Park, located near Ranchi in Jharkhand, is a scenic wildlife sanctuary famous for its diverse deer species and serene natural environment. The park spans roughly 54 acres and is set within a sal forest, enhanced with Ficus, Ber, Bel, and Neem trees, providing a natural and lush habitat for wildlife. Three watch-towers are available for wildlife observation, and the park includes shaded trails, open spaces, and a lake area contributing to a tranquil setting. The park hosts over 15 species of deer, including spotted deer and Sambar deer, set against the backdrop of towering Sal trees and dense greenery. Visitors can enjoy a park safari, walking trails, and scenic viewpoints ideal for photography and close wildlife observation.",4.1,https://dynamic-media-cdn.tripadvisor.com/media/photo-o/18/4e/0b/5a/deer-park.jpg?w=1200&h=-1&s=1,No review text was available for this Park in the source data.,0.421,Positive
Canary Hills,Hazaribagh,Jharkhand,Hill,24.00562458,85.38016573,"hills,scenic,nature","trekking,sightseeing,photography",Winter,peaceful,"Canary Hills is a scenic hill in Hazaribagh, Jharkhand, known for panoramic views, lush forests, lakes, trekking opportunities, and rich historical significance. The hill area can also be accessed by road from Hazaribagh town, and a rest house at the top allows driving to viewpoints. Roads near the summit can be narrow and rocky, requiring sturdy footwear for walking.",4.1,https://content.jdmagicbox.com/comp/hazaribagh/y5/9999p6546.6546.200627213559.f5y5/catalogue/canary-hill-veiwing-point-dipugarha-hazaribagh-tourist-attraction-a978j7tphC.jpg,No review text was available for this Hill in the source data.,,N/A (source reviews are about a different location)
Chandil Dam,Jamshedpur,Jharkhand,Dam,22.9750779,86.0234033,"water,reservoir,scenic,nature","sightseeing,photography","Winter,Monsoon",peaceful,"Chandil Dam is a scenic multipurpose dam on the Subarnarekha River, located near Chandil in Jharkhand, India, known for its picturesque surroundings and recreational activities. Chandil Dam is situated near Chandil town in the Seraikela Kharsawan district of Jharkhand, at coordinates 22.9747°N 86.0203°E. It lies about 22– The dam is part of the Subarnarekha Multipurpose Project, constructed to support irrigation, water supply, and flood control. Scenic Beauty: Nestled with the Dalma Hills in the background, the dam and its surrounding reservoir offer lush forests and serene water views.",4.2,https://dynamic-media-cdn.tripadvisor.com/media/photo-o/2b/75/16/2e/dam-gate.jpg?w=1200&h=-1&s=1,"Dimna Lake is a scenic reservoir surrounded by wooded hills with a panoramic view from the dam top, and a charming local instant-photo service — though litter along the trail and lakeside is a frequent complaint.",,N/A (source reviews are about a different location)
City Park,Bokaro,Jharkhand,Park,23.6579529,86.1566064,"nature,greenery","walking,picnic,relax,photography","Winter,Spring",family-friendly,"City Park in Bokaro, Jharkhand is a popular urban park featuring lakeside greenery, recreational activities, dining options, and a peaceful environment for families and visitors of all ages. The park spans 57.8 acres and offers a serene environment with well-maintained lawns, flowerbeds, and tall trees providing shade. There is a large artificial lake with boating facilities and three small islands, enhancing the park’s scenic beauty. Fitness enthusiasts can enjoy a jogging track and a small gym.",4.2,https://imgs.search.brave.com/mBqiSDIgBN2gf5dPuBvo7tBRIbM0bTt7AGQNHh-ATqA/rs:fit:860:0:0:0/g:ce/aHR0cHM6Ly92dXNo/aWkuY29tL3VwbG9h/ZHMvOTI5ODA5NTA0/X0NpdHklMjBQYXJr/LnBuZw,No review text was available for this Park in the source data.,,N/A (no review data)
Dassam Falls,Ranchi,Jharkhand,Waterfall,23.1467626,85.4670882,"nature,waterfall,photography,scenic","sightseeing,picnic,photography","Monsoon,Winter",adventurous,"Dassam Falls is a spectacular 144-foot waterfall on the Kanchi River near Taimara village in Ranchi district of Jharkhand, known for its ten distinct streams and lush natural surroundings. From the highway, a motorable road leads 10–15 minutes into the village. The waterfall is situated on the Ranchi Plateau, a part of the Chota Nagpur Plateau, forming a scarp fall or knick point. It is formed by the Kanchi River, a tributary of the Subarnarekha River, plunging vertically from a height of 144 feet ( Dassam Falls splits into ten distinct water streams, creating a visually striking curtain of flowing water.",4.4,https://dynamic-media-cdn.tripadvisor.com/media/photo-o/15/48/68/f4/dassam-falls.jpg?w=1200&h=-1&s=1,No review text was available for this Waterfall in the source data.,0.898,Positive
Devari Temple,Giridih,Jharkhand,Temple,24.342103,86.024009,"religious,spiritual,heritage","worship,sightseeing",All Season,peaceful,"The temple is dedicated to Goddess Durga in her 16-armed form (Solha Bhuji Maa), an incarnation of power, and features an ancient idol approximately 3–3.5 feet tall holding weapons like a bow, shield, flower, and trident. The temple’s construction uses interlocking stones without mortar, reflecting an ancient architectural style dating back to the 10th–12th century, with renovations carried out in later years for platform and Mandapa development. According to local legends, the temple was commissioned by King Kera, a Munda king, about 700 years ago. He was inspired to build it after regaining his kingdom following devotion at this sacred site. The temple melds tribal cultural traditions with Hindu practices: six tribal priests (Pahans) perform rituals for six days, while a Brahmin priest (Panda) conducts worship on one day, evidencing a unique tribal-Hindu ritual confluence.",4.4,https://cdn.s3waas.gov.in/s32b8a61594b1f4c4db0902a8a395ced93/uploads/2018/01/2018042838.jpg,No review text was available for this Temple in the source data.,,N/A (source reviews are about a different location)
Dimna Lake,Jamshedpur,Jharkhand,Lake,22.858634,86.25126015,"lake,nature,water,scenic","boating,picnic,photography,sightseeing",Winter,peaceful,"Dimna Lake in Jharkhand is a scenic artificial reservoir near Jamshedpur, known for its serene waters, surrounding greenery, and recreational activities. The lake lies at the foothills of the Dalma range, covering an area of approximately The lake was created by Tata Steel in 1944 to mitigate water scarcity in the rapidly growing city, sourcing water primarily from rainfall flowing through the Dimna Nala over an area of 36 square miles. Construction of Dimna Lake began in February 1940 and the water supply to Jamshedpur was first provided on April 17, 1944. Two composite dams, measuring 800 ft and 1,200 ft in length with a maximum height of 83 ft, help store and regulate the water supply for municipal and industrial purposes.",4.3,https://dynamic-media-cdn.tripadvisor.com/media/photo-o/19/e9/e6/7e/20190810-134734-01-largejpg.jpg?w=1200&h=-1&s=1,No review text was available for this Lake in the source data.,0.66,Positive
Getalsud Dam,Ranchi,Jharkhand,Dam,23.447625,85.499325,"water,reservoir,scenic,nature","sightseeing,photography","Winter,Monsoon",peaceful,"Getalsud Dam, also known as Rukka Dam, is a scenic concrete gravity dam on the Subarnarekha River near Ranchi, Jharkhand, serving as a vital source of water and a popular picnic spot. Scenic Beauty: The dam offers tranquil waters, expansive views of the reservoir, and lush surroundings on one side suitable for picnics and outdoor relaxation. Sunrise and sunset at the dam are especially picturesque. Popular Activities: Picnicking, leisurely walks, small-scale fishing for locals, and photography.",4.1,https://upload.wikimedia.org/wikipedia/commons/8/83/Getalsud_Dam%2C_Jharkhand.jpg,"Jonha Falls is a scenic, well-regarded waterfall near Ranchi, especially lush during monsoon — though reaching it requires descending (and later climbing back up) around 500 steps, which can be tough for seniors.",,N/A (source reviews are about a different location)
Ghaghri Falls,Netarhat,Jharkhand,Waterfall,23.49782649,84.26272171,"nature,waterfall,photography,scenic","sightseeing,picnic,photography","Monsoon,Winter",adventurous,"Lower Ghaghri Falls is a stunning waterfall near Netarhat, Jharkhand, nestled in dense forests and renowned for its tranquil beauty, cultural significance, and natural splendor. The waterfall is surrounded by dense forest of the Chotanagpur Plateau, with thick trees and lush greenery that block direct sunlight, creating a serene and magical atmosphere. Visitors can experience the calming sounds of falling water and enjoy spotting birds, butterflies, and small forest animals TravelSetu+2. The local tribal communities hold the falls and river as sacred, using the water in rituals and harvest festivals. Folk tales speak of the waterfall as the voice of a forest goddess protecting the land.",4.1,https://dynamic-media-cdn.tripadvisor.com/media/photo-o/19/8f/c7/14/lower-ghagri-falls.jpg?w=1200&h=1200&s=1,No review text was available for this Waterfall in the source data.,,N/A (source reviews are about a different location)
Harihar Dham,Giridih,Jharkhand,Temple,24.07069908,85.82158434,"religious,spiritual,heritage","worship,sightseeing",All Season,peaceful,"Harihar Dham, situated in Bagodar, Giridih, Jharkhand, is renowned for housing the world's tallest Shivalinga, attracting devotees and tourists alike. The Shivalinga standing 65 feet tall, is recognized as the largest in the world, symbolizing the infinite might and grace of Lord Shiva. Temples within the premises include a temple for Radha-Krishna and other smaller shrines. Maha Shivratri is one of the main festivals, attracting a large number of devotees.",4.4,https://imgs.search.brave.com/FxJ1TCncJRGirK7AG6bHYSbJFWe1MCoapTUxnNzi-yw/rs:fit:500:0:1:0/g:ce/aHR0cHM6Ly93d3cu/dHVza3RyYXZlbC5j/b20vYmxvZy93cC1j/b250ZW50L3VwbG9h/ZHMvMjAyMS8wMi9I/YXJpaGFyLURoYW0t/aW4tR2lyaWRpaC1K/aGFya2hhbmQtMTAy/NHg3NjguanBn,No review text was available for this Temple in the source data.,,N/A (source reviews are about a different location)
Hazaribagh Lake,Hazaribagh,Jharkhand,Lake,24.01077289,85.3615097,"lake,nature,water,scenic","boating,picnic,photography,sightseeing",Winter,peaceful,"Hazaribagh Lake is a serene, man-made lake located in the heart of Hazaribagh, Jharkhand, offering boating, scenic sunset views, and family-friendly attractions. Hazaribagh Lake is a series of artificial lakes divided into seven interconnected parts, allowing water to spill naturally from one level to another, creating a unique cascading effect. While smaller compared to India’s larger lakes, it is an important local landmark and a popular spot for tourists and residents seeking relaxation and scenic beauty of Hazaribag District. Boating is available across the lakes for leisure and enjoyment.",4.1,https://dynamic-media-cdn.tripadvisor.com/media/photo-o/06/27/70/fb/hazaribagh-lake.jpg?w=1200&h=-1&s=1,"Hazaribagh Lake is a popular evening spot with boating, a cafeteria, and pleasant sunset views, and is especially well-loved by joggers and families.",0.936,Positive
Hazaribagh Wildlife Sanctuary,Hazaribagh,Jharkhand,Wildlife,24.14305528,85.3822027,"forest,wildlife,nature","safari,photography",Winter,adventurous,"Hazaribagh Wildlife Sanctuary is a historical and ecologically rich sanctuary in Jharkhand, India, offering diverse wildlife, scenic forests, and accessible nature experiences across 186 square kilometers. Area: Approximately 186 sq km (71 sq mi). Elevation: Average 615–600 m (2,018–2,000 ft) on a hilly plateau. Accessibility: Well connected by NH-33, with entrances at Pokhariya Gate (main gate), Salparni Gate, and Bahimar Gate.",4.1,https://imgs.search.brave.com/EeymX6anL3q1-ze4AGbBelZz8GnFQScLOy2S0r5IWYE/rs:fit:860:0:0:0/g:ce/aHR0cHM6Ly9pbWFn/ZXMuYmV5b25keWF0/cmEuY29tL2Rlc3Qv/bWFpdGhvbi9wbGFj/ZXMvaGF6YXJpYmFn/aC1uYXRpb25hbC1w/YXJrLWpoYXJraGFu/ZC1pbmRpYV9pbWdf/MS5qcGc,No review text was available for this Wildlife in the source data.,,N/A (source reviews are about a different location)
Hirni Falls,West Singhbhum,Jharkhand,Waterfall,22.8076599,85.3645098,"nature,waterfall,photography,scenic","sightseeing,picnic,photography","Monsoon,Winter",adventurous,"Hirni Falls is a breathtaking 37-meter (121 ft) waterfall nestled in the dense forests of West Singhbhum, Jharkhand, offering a scenic and tranquil natural escape. District: West Singhbhum, Jharkhand, India Elevation: Hirni Falls is situated around Bandgaon near the edge of the Ranchi plateau. The falls cascade down from rocky terrain, creating a broad torrent amidst untouched dense forests. The area is characterized by winding canopy-covered paths with miniature rivulets that give the landscape a distinctive and captivating appearance Jharkhand State Portal+1.",4.3,https://dynamic-media-cdn.tripadvisor.com/media/photo-o/18/40/af/ec/hirni-falls.jpg?w=1200&h=-1&s=1,"Birsa Deer Park (Ormanjhi Zoo) is a large, well-maintained zoological park about 28km from Ranchi with a wide variety of animals, boating, and battery rickshaws to make the roughly 4-hour full tour easier.",,N/A (source reviews are about a different location)
Hundru Falls,Ranchi,Jharkhand,Waterfall,23.4505832,85.6661142,"nature,waterfall,photography,scenic","sightseeing,picnic,photography","Monsoon,Winter",adventurous,"Hundru Falls is a spectacular 98-meter (322-feet) waterfall in Ranchi District, Jharkhand, formed by the Subarnarekha River as it plunges off the Chota Nagpur Plateau into a natural pool below. It is one of the highest waterfalls in Jharkhand, drawing visitors for its dramatic cascade, surrounding forest scenery, and opportunities for trekking and picnicking. The waterfall site, located roughly 45 kilometers from Ranchi, is a popular day-trip destination and one of the region's most photographed natural landmarks.",4.3,https://upload.wikimedia.org/wikipedia/commons/b/be/Hundru_Falls%2C_Jharkhand%2C_India_4.jpg,No review text was available for this Waterfall in the source data.,0.856,Positive
Jagannath Temple,Bokaro,Jharkhand,Temple,23.3168885,85.2818038,"religious,spiritual,heritage","worship,sightseeing",All Season,peaceful,"Jagannath Temple Bokaro is a prominent Hindu temple dedicated to Lord Jagannath and serves as an important religious landmark in Bokaro. Inspired by the architectural style of the famous Jagannath Temple of Puri, the temple attracts devotees and visitors throughout the year. Its peaceful surroundings, cultural significance, and role in local festivals make it a popular destination for those interested in spirituality, heritage, and community traditions.",4.6,https://dynamic-media-cdn.tripadvisor.com/media/photo-o/1a/4c/75/58/jagannath-temple.jpg?w=1200&h=1200&s=1,No review text was available for this Temple in the source data.,,N/A (no review data)
Jaisar Children's Park,Deoghar,Jharkhand,Park,24.49915701,86.6973715,"nature,greenery","walking,picnic,relax,photography","Winter,Spring",family-friendly,"Jaisar (Jalsar) Children's Park is a popular urban play area in Deoghar, Jharkhand, offering numerous rides and leisure activities for children and families.The park features various rides for kids, including a wonder wheel, toy train, see-saw, and other playful installations that are ideal for children to enjoy and engage actively. The park offers a mix of natural and planted scenery, including grassy areas, trees, and safe play zones, suitable for family outings. The park is set in the city, making it convenient to combine a visit with other nearby sights in Deoghar, including spiritual attractions like Baidyanath Temple and Shravan-related events.",4,https://www.touristplaces.net.in/images/pp/5/p113691.jpg,No review text was available for this Park in the source data.,,N/A (no review data)
Jawaharlal Nehru Biological Park,Bokaro,Jharkhand,Wildlife,23.68063408,86.15333631,"forest,wildlife,nature","safari,photography",Winter,adventurous,"Jawaharlal Nehru Biological Park in Bokaro Steel City is Jharkhand's largest zoological garden, renowned for its diverse wildlife, including white tigers and Asiatic lions, offering a fun and educational experience for families and nature enthusiasts. Established in 1989 and managed by Bokaro Steel Plant under the Steel Authority of India Limited, the park spans approximately 200 acres and is the largest zoological garden in the state. It was named in honor of India's first Prime Minister, Pandit Jawaharlal Nehru. Home to a wide variety of animals including white tigers, Asiatic lions, elephants, bears, reptiles, and exotic birds from different parts of the world. Successful breeding programs have been conducted for species like white tigers and royal Bengal tigers.",4,https://imgs.search.brave.com/QLUu9Kx7Ju_IrLKxSGtzl88T6pdjHDT0lLEpbyg9xuo/rs:fit:860:0:0:0/g:ce/aHR0cHM6Ly9keW5h/bWljLnRvdXJ0cmF2/ZWx3b3JsZC5jb20v/aG90c3BvdC1pbWFn/ZXMvamF3YWhhcmxh/bC1uZWhydS1iaW9s/b2dpY2FsLXBhcmst/Ym9rYXJvLTU3NTQu/anBn,"A large, well-run zoo near Jagannath Temple in Bokaro's sector 4, home to white tigers, Asiatic lions and many bird species, and a popular family outing spot — though some visitors flag intrusive policing near tourists and a decline in animal numbers over recent years.",0.778,Positive
Jonha Falls,Ranchi,Jharkhand,Waterfall,23.3420327,85.6084101,"nature,waterfall,photography,scenic","sightseeing,picnic,photography","Monsoon,Winter",adventurous,"Jonha Falls, also known as Gautam Dhara, is a picturesque waterfall near Ranchi, Jharkhand, offering scenic views, serene surroundings, and cultural significance. Watercourse: Raru River, which cascades over the Ranchi plateau forming a hanging valley waterfall. Height: The falls are a hanging valley type, created by a knick point in the river’s gradient, which causes the water to fall vertically. A temple dedicated to Lord Gautama Buddha is situated atop Gautam Pahar near the falls, built by the sons of Baldeo Das Birla.",4.5,https://upload.wikimedia.org/wikipedia/commons/1/17/Jonha_falls.jpg,"Kanke Dam is a peaceful, uncrowded dam with boating and scenic sunset views, well-maintained but relatively modest in scale compared to other dams in the region.",0.69,Positive
Jubilee Lake,Jamshedpur,Jharkhand,Lake,22.8124274,86.19951278,"lake,nature,water,scenic","boating,picnic,photography,sightseeing",Winter,peaceful,"Jubilee Lake, located in the heart of Jamshedpur, Jharkhand, is a scenic lake surrounded by lush greenery, offering boating, fishing, and family-friendly recreational activities in the larger Jubilee Park area. Jubilee Lake is also known as Jayanti Sarovar and forms a central feature of the park's landscape. It is surrounded by gardens, walking paths, a laser light auditorium, and the Tata Steel Zoological Park. The park, including the lake, covers an area of around 200 acres and was opened to the public in 1958 to mark the golden jubilee of Jamshedpur and gifted by Tata Steel. Boating: Paddle boats are available for rent, providing a calm and scenic ride around the lake.",4.3,https://dynamic-media-cdn.tripadvisor.com/media/photo-o/0c/56/d7/07/jubilee-lake.jpg?w=1200&h=-1&s=1,No review text was available for this Lake in the source data.,0.96,Positive
Jubilee Park,Jamshedpur,Jharkhand,Park,22.8088065,86.19762876,"nature,greenery","walking,picnic,relax,photography","Winter,Spring",family-friendly,"Jubilee Park is a sprawling, well-maintained urban park in Jamshedpur, Jharkhand, offering gardens, a zoo, lake, amusement facilities, and recreational activities for visitors of all ages. The park was inspired by the Brindavan Gardens in Mysore and designed by architect Joseph Allen Stein, often referred to as the ""Mughal Gardens of Jamshedpur"". It opened on the city’s golden jubilee and features landscaped gardens, fountains, and vibrant flower beds. Gardens & Landscaping: Water Features: Jayanti Sarovar, a central man-made lake with Bat Island, and colorful musical fountains.",4.4,https://dynamic-media-cdn.tripadvisor.com/media/photo-o/11/e2/a5/9a/jubilee-park.jpg?w=1200&h=-1&s=1,No review text was available for this Park in the source data.,0.942,Positive
Kanke Dam,Ranchi,Jharkhand,Dam,23.3973838,85.3028826,"water,reservoir,scenic,nature","sightseeing,photography","Winter,Monsoon",peaceful,"Kanke Dam is a picturesque artificial reservoir near Ranchi, Jharkhand, offering serene views, recreational activities, and a popular spot for sunrise and sunset watching. It lies at the foothills of the Gonda Hills, adjacent to the Rock Garden, providing a scenic backdrop. Size: Covers an expanse of about sq km. Function: Supplies potable water to nearly half of Ranchi’s population and serves irrigation purposes. Structure: Earthen dam built on the Potpoto River with boulder pitching that requires periodic maintenance; the dam’s top is a paved PCC road.",4,https://dynamic-media-cdn.tripadvisor.com/media/photo-o/18/3a/42/ca/kanke-dam.jpg?w=600&h=-1&s=1,"Patratu Dam is a popular, scenic dam known for beautiful sunsets and a good boating facility with life jackets — though the on-site government-run restaurant gets consistent complaints for poor service and limited dining options.",0.751,Positive
Khandoli Park,Giridih,Jharkhand,Park,24.2329145,86.3442481,"nature,greenery","walking,picnic,relax,photography","Winter,Spring",family-friendly,"Khandoli Park in Giridih, Jharkhand, is a scenic destination combining natural beauty, adventure sports, and family-friendly recreational facilities. Khandoli Dam & Lake, provides water-related adventure activities like boating, speed boating, canoeing, paddleboats. It spreads over acres, featuring toy trains, swings, elephant and camel safaris, and rides suitable for children and families. You could find various adventure sports like Rock climbing, rappelling, river crossings, trekking, hot air ballooning, paragliding, parasailing, kayaking, making it an adventure tourism hub. Moreover, Khandoli is a winter habitat for migratory birds like Siberian crane, bar-headed goose, mallards, and Brahminy shelduck, attracting birdwatchers.",4.1,https://upload.wikimedia.org/wikipedia/commons/5/5b/Khandoli.jpg,"Khandoli Park combines a hill, dam, and park in one visit, with boating, horse riding, and kids' play areas at an affordable entry fee — reviews here were consistently positive.",0.788,Positive
Koel View Point,Netarhat,Jharkhand,Viewpoint,23.485882,84.277477,"hills,scenic,nature","trekking,sightseeing,photography",Winter,peaceful,"Koel View Point in Netarhat, Jharkhand, offers a spectacular panorama of the North Koel River and the surrounding lush forests, making it a must-visit destination for nature lovers and photographers. The viewpoint looks out over the North Koel River as it winds through the Chotanagpur Plateau and dense forests of Palamu, especially striking during sunrise and sunset when the river catches the light. Flanked by pine forests, the spot is well-suited for trekking and landscape photography.",4.5,https://dynamic-media-cdn.tripadvisor.com/media/photo-o/1c/98/6a/64/2021.jpg?w=1200&h=-1&s=1,No review text was available for this Viewpoint in the source data.,,N/A (source reviews are about a different location)
Konar Dam,Hazaribagh,Jharkhand,Dam,23.944375,85.7494375,"water,reservoir,scenic,nature","sightseeing,photography","Winter,Monsoon",peaceful,"Konar Dam in Jharkhand is a multipurpose reservoir built on the Konar River, serving flood control, irrigation, water supply, and recreational purposes, and it offers scenic landscapes for visitors. Konar Dam, the second major dam in the first phase of the Damodar Valley Corporation, was constructed across the Konar River, a tributary of the Damodar River. It was established in 1948 after devastating floods in 1943, aimed to control flooding, provide irrigation water, and support electricity and industrial growth across the Damodar basin. Konar Dam was planned alongside Tilaiya, Maithon, and Panchet dams under a multipurpose development scheme.",4.1,https://dynamic-media-cdn.tripadvisor.com/media/photo-o/08/26/ee/f8/konar-dam.jpg?w=600&h=-1&s=1,"Konar Dam is a clean, well-maintained spot with scenic forest and river views, good for a peaceful day trip — though it lacks boating and nearby restaurants.",0.852,Positive
Lawapani Falls,Lohardaga,Jharkhand,Waterfall,23.59772794,84.54576141,"nature,waterfall,photography,scenic","sightseeing,picnic,photography","Monsoon,Winter",adventurous,"Lawapani Falls in Madanpur village, Jharkhand, is a scenic tiered waterfall and a popular picnic and tourist spot surrounded by lush green hills. 1/5 stars by 253 users Lawapani Falls is surrounded by blue hills and greenery, making it a tranquil location for a picnic. Visitors often enjoy trekking the nearby forest paths, capturing photographs, and spending leisure time amidst nature. The waterfall flows in a stepped manner rather than a perpendicular fall, adding a unique charm to the site. From there, visitors can hire a taxi or drive to the falls.",4,https://upload.wikimedia.org/wikipedia/commons/1/17/Lawapani_Waterfall.jpg,No review text was available for this Waterfall in the source data.,,N/A (source reviews are about a different location)
Lodh Falls,Latehar,Jharkhand,Waterfall,23.4788615,84.018629,"nature,waterfall,photography,scenic","sightseeing,picnic,photography","Monsoon,Winter",adventurous,"Lodh Falls, also known as Budha Ghagh, is the highest waterfall in Jharkhand, cascading approximately 468 feet within the lush forests of Latehar district, providing a spectacular natural experience. The area retains a peaceful and relatively untouched environment, providing opportunities for trekking, picnic spots, and photography. Access: From Netarhat, travelers can drive to Latehar (~ A wooden footbridge provides excellent viewing points. Precautions: Avoid swimming near the base due to deep waters, wear trekking shoes, use handrails where available, and avoid visiting after dark.",4.5,https://dynamic-media-cdn.tripadvisor.com/media/photo-o/20/d8/92/f3/lodh-falls-are-the-highest.jpg?w=1200&h=-1&s=1,Panchghagh Falls is a multi-stage waterfall with a scenic access road and nearby dam for boating; water flow drops significantly outside monsoon. Two of the four scraped reviews were actually about an unrelated waterfall in Karnataka and were excluded.,,N/A (source reviews are about a different location)
Maithon Dam,Dhanbad,Jharkhand,Dam,23.78587744,86.81149377,"water,reservoir,scenic,nature","sightseeing,photography","Winter,Monsoon",peaceful,"Maithon Dam, located on the Barakar River near Dhanbad, Jharkhand, is a multipurpose project renowned for flood control, hydroelectric power generation, and scenic tourism. Opening Date: 1957 67 m Reservoir: Maithon Lake, covering Hydroelectric Power: Provides renewable electricity. The underground powerhouse minimizes environmental impact while efficiently generating power. Irrigation: Supports downstream agriculture across several districts in Jharkhand and West Bengal.",4.4,https://hblimg.mmtcdn.com/content/hubble/img/ttd_images/mmt/activities/m_Dhanbad_Maithon_dam_2_l_480_640.jpg,"Maithon Dam is a well-developed, family-friendly picnic and boating destination with scenic surroundings and good local food stalls — visitors especially recommend it during the monsoon, when the lake is full.",0.961,Positive
Massanjore Dam,Dumka,Jharkhand,Dam,24.1068544,87.3087555,"water,reservoir,scenic,nature","sightseeing,photography","Winter,Monsoon",peaceful,"Massanjore Dam, also known as Canada Dam or Pearson Dam, is a historic hydropower and irrigation dam on the Mayurakshi River in Dumka district, Jharkhand, India, offering both engineering significance and scenic tourism opportunities. Massanjore Dam is situated near Massanjore village, about The dam lies amidst forested hills, making it a picturesque destination and a popular picnic spot District Dumka. Construction was completed in 1955 with Canadian aid, under the Colombo Plan, and officially inaugurated by Lester B. Pearson, Canada’s Foreign Minister.",4.3,https://dynamic-media-cdn.tripadvisor.com/media/photo-o/09/50/22/3c/massanjore-dam.jpg?w=900&h=500&s=1,"Massanjore Dam is a scenic, historically significant dam (one of the first hydel projects, built with Canadian assistance) offering boating and popular local snacks — though at least one visitor reported an unofficial parking-fee shakedown by locals.",0.859,Positive
Mayurakshi River,Deoghar,Jharkhand,River,24.0199522,87.4095176,"river,nature,water,scenic","sightseeing,photography,relax",Winter,calm,"The Mayurakshi River, originating from Trikut Hills near Deoghar in Jharkhand, India, flows through both Jharkhand and West Bengal before joining the Hooghly River and plays a crucial role in irrigation, flood management, and local culture. The Mayurakshi River, also known as the Mor River, originates from the Trikut Hills, approximately 16 kilometers from Deoghar town in Jharkhand, at an elevation of around From its source, the river flows southeast through the districts of Deoghar and Dumka and crosses into West Bengal, traversing Birbhum and Murshidabad districts, before merging with the Hooghly River, a major distributary of the Ganges. The river spans approximately 250–265 kilometers. Major towns along its course include Dumka, Suri, Sainthia, Murshidabad, and Bhandirban.",4,https://imgs.search.brave.com/jx4ZquF7pfcdtvpE6EtuE7_JGoJ4ZpIGi_6yOHTZ9sg/rs:fit:860:0:0:0/g:ce/aHR0cHM6Ly9jb250/ZW50LmpkbWFnaWNi/b3guY29tL2NvbXAv/ZGVvZ2hhci1qaGFy/a2hhbmQvZjEvOTk5/OXA2NDMyLjY0MzIu/MTQxMjIzMTY1NjEy/LncyZjEvY2F0YWxv/Z3VlL21heXVyYWtz/aGktcml2ZXItYi1k/ZW9naGFyLWhvLWRl/b2doYXItamhhcmto/YW5kLXRvdXJpc3Qt/YXR0cmFjdGlvbi0x/cnpuaXVlLmpwZz93/PTM4NDAmcT03NQ,"The Mayurakshi River flows close to the revered Baidyanath temple and hosts the Shravani Mela pilgrimage each monsoon; visitors enjoy the natural scenery, riverside temples and local dairy sweets, though there isn't much active to do beyond sightseeing.",0.929,Positive
Megaliths of Hazaribagh,Hazaribagh,Jharkhand,Archaeological,23.87586274,85.23479587,"history,heritage,ancient,archaeology,culture","explore,learning,photography",Winter,historical,"The megaliths of Hazaribagh are ancient stone structures dating back around 3000–3500 years, serving as burial monuments, commemorative markers, and prehistoric astronomical observatories. Hazaribagh in Jharkhand hosts the Punkri Barwadih megalith site, one of the region's most renowned prehistoric sites, believed to date to 3000 BCE Jharkhand State Portal. These megaliths reflect a living stone tradition connected to tribal communities such as the Mundas, Hos, Asurs, and Oraons InsightsIAS. While historically megaliths functioned as burial sites and memorials, many also served as astronomical observatories, aligning with solar events like equinoxes and solstice. Some structures are still part of contemporary ritual practices, showing continuity of cultural significance across centuries.",4,https://jharkhandinc.com/wp-content/uploads/2026/03/Hazaribaghs-Ancient-Stones-and-a-Forgotten-Sky.jpeg,"Reviews for this listing mostly describe a forested picnic/wildlife area rather than the megalithic archaeological site specifically, so treat this summary with some caution. Visitors describe a decent family picnic spot, though the approach road is rough and wildlife sightings aren't guaranteed.",0.75,Positive
Nakshatra Van,Ranchi,Jharkhand,Park,23.38126325,85.32076094,"nature,greenery","walking,picnic,relax,photography","Winter,Spring",family-friendly,"Nakshatra Van in Ranchi, Jharkhand, is a distinctive botanical park that merges astrology, botany, and traditional Indian medicine, offering visitors a serene and educational experience. Nakshatra Van is a themed park created by the Jharkhand Forest Department, located in front of the Jharkhand Raj Bhawan (Governor’s Residence) in Ranchi. Spread over 7.5 acres, the park intricately connects 27 Nakshatras (lunar mansions) with specific trees, each chosen for medicinal, social, aesthetic, or economic value. The park also integrates the Rashi Van (Zodiac Garden) and Navgraha Van (Nine Planets Garden), showcasing the connection between planetary positions, astrology, and plant life Jharkhand State Portal. The foundation stone of Nakshatra Van was laid on 15 November 2002 by the Social Forestry Division, Ranchi, in consultation with experts from the Indian Institute of Astrophysics and Indian Institute of Science, Bangalore.",3.9,https://imgs.search.brave.com/QD0cCacwMEDRYKphuNv_8wZUCRJic9lJnnAgUdD8-IY/rs:fit:500:0:1:0/g:ce/aHR0cHM6Ly9oYmxp/bWcubW10Y2RuLmNv/bS9jb250ZW50L2h1/YmJsZS9pbWcvcmFu/Y2hpL21tdC9hY3Rp/dml0aWVzL21fYWN0/aXZpdGllc19yYW5j/aGlfbmFrc2hhdHJh/X3Zhbl9sXzI2M180/NjcuanBn,"Hundru Falls is a striking 320-ft waterfall on the Subarnarekha river with a popular zipline option, a scenic approach road, and snack stalls along the descent path.",0.962,Positive
Naulakha Mandir,Deoghar,Jharkhand,Temple,24.47741742,86.7079077,"religious,spiritual,heritage","worship,sightseeing",All Season,peaceful,"Naulakha Mandir is a stunning Hindu temple in Deoghar, dedicated to Lord Krishna and Radha, known for its architectural beauty and spiritual significance. The temple was commissioned in 1940 by Rani Charushila Devi, a queen from the Pathuriya Ghat royal family of Kolkata. She donated nine lakh rupees for its construction, giving rise to the name ""Naulakha Mandir"" (""Nau"" = nine, ""Lakh"" = 100,000 rupees). Rani Charushila built the temple under the guidance of Saint Balananda Brahmachari after losing her husband and son, seeking peace and spiritual fulfillment. The project was supervised by Shri Kali Das Ram, a noted engineer from West Bengal and disciple of the saint.",4.1,https://d3sftlgbtusmnv.cloudfront.net/blog/wp-content/uploads/2024/11/Naulakha-Mandir.jpg,"Naulakha Mandir is a historic, architecturally striking Krishna-Radha temple near Baidyanath Dham, built in 1940 by Queen Charusila Devi — worth a visit, though several reviewers feel the surrounding grounds and approach road are poorly maintained for a site of its importance.",0.758,Mixed
Netarhat Hills,Netarhat,Jharkhand,Hill,23.4835,84.260834,"hills,scenic,nature","trekking,sightseeing,photography",Winter,peaceful,"Netarhat, known as the ""Queen of Chotanagpur,"" is a serene hill station in Jharkhand famous for its hills, dense forests, waterfalls, and spectacular sunrise and sunset views. Netarhat is located in the Latehar district of Jharkhand at an elevation of approximately 1, The plateau spans around The area is dotted with hilly springs and waterfalls, offering peaceful and pristine surroundings (. The climate is cool relative to surrounding plains, with peak visiting months being.",4.6,https://upload.wikimedia.org/wikipedia/commons/c/ce/Pine_trees_of_Netarhat_Hill_station.jpg,No review text was available for this Hill in the source data.,,N/A (source reviews are about a different location)
Pahari Mandir,Ranchi,Jharkhand,Temple,23.3754975,85.31072854,"religious,spiritual,heritage","worship,sightseeing",All Season,peaceful,"Pahari Mandir is a historic hilltop Shiva temple in Ranchi, Jharkhand, perched 2,140 feet above sea level, combining spiritual devotion, scenic beauty, and patriotic significance. Pahari Mandir, also called Pahari Baba Mandir, is a 15th-century Hindu temple dedicated to Lord Shiva, located atop Richi Buru hill in the heart of Ranchi. The temple is worshiped in the form of a Shiva Linga, believed to be Swayambhu (self-manifested), and is a major center of devotion during Shravan month (July–August) and Maha Shivaratri ( ). During British rule, the hill was used for the execution of Indian freedom fighters and was known as Phansi Tongri or Hanging Garry. Post-independence, the temple became distinctive for hoisting the Indian national flag (tricolor) for the first time in Ranchi, carried out by K.C.",4.6,https://cdn.s3waas.gov.in/s32b8a61594b1f4c4db0902a8a395ced93/uploads/2022/06/2022060636.jpg,"Nakshatra Van is a pleasant picnic spot with an attractive fountain and a good variety of birds in a calm, green setting. One of the four scraped reviews was an unrelated product review and was excluded.",0.494,Positive
Panchet Dam,Dhanbad,Jharkhand,Dam,23.6810104,86.7472888,"water,reservoir,scenic,nature","sightseeing,photography","Winter,Monsoon",peaceful,"Panchet Dam is a major multi-purpose dam across the Damodar River in Jharkhand, India, built for flood control, irrigation, and hydroelectric power, and now also serves as a popular scenic and picnic destination. Panchet Dam is located in Dhanbad district, Jharkhand, on the northern bank of the Damodar River, forming the border with Purulia district in West Bengal. The reservoir is situated just above the confluence of the Barakar and Damodar Rivers. Panchet Hill rises above the dam, offering panoramic views of the area.",4,https://imgs.search.brave.com/4dXM_-3AjuW3eAOM-iCP0K0HjLa56BvZ4mhnr-Cz0ow/rs:fit:500:0:1:0/g:ce/aHR0cHM6Ly91cGxv/YWQud2lraW1lZGlh/Lm9yZy93aWtpcGVk/aWEvY29tbW9ucy85/LzkyL1BhbmNoZXRf/ZGFtX3N1bW1lcnMu/anBn,"Panchet Dam offers peaceful sunset views and a quieter, less-developed alternative to nearby Maithon Dam, with a DVC guesthouse available for overnight stays.",0.494,Positive
Panchghagh Falls,Khunti,Jharkhand,Waterfall,22.94538469,85.25663288,"nature,waterfall,photography,scenic","sightseeing,picnic,photography","Monsoon,Winter",adventurous,"Panchghagh Falls is a stunning cluster of five waterfalls located near Khunti in Jharkhand, India, offering a safe and picturesque destination perfect for family picnics and nature lovers. Panchghagh Falls is situated in the Khunti district, at coordinates 22°56′41″N 85°15′17″E. The falls are formed by the Banai River, which splits into five distinct cascades over rocky terrain, creating unique streams that gurgle and swirl over the rocks. The surrounding area features hills, forests, and gentle slopes, covering elevations mostly between 500– The terrain is rocky, sandy, and red loam upland, with paddy fields in depressions.",4.2,https://upload.wikimedia.org/wikipedia/commons/8/8d/Panchghagh_falls.jpg,"Jubilee Lake is an attractive lake with colorful night lighting near a laser auditorium and zoo, popular for photography — cleanliness was a past issue but reportedly improved after the adjacent zoo opened.",0.052,Neutral
Parasnath Temple,Giridih,Jharkhand,Temple,23.99681295,86.13699561,"religious,spiritual,heritage","worship,sightseeing",All Season,peaceful,"Parasnath Temple, atop the Parasnath Hills in Jharkhand, is among the holiest Jain pilgrimage sites where 20 of the 24 Tirthankaras, including Parshvanatha, attained moksha. Parasnath Temple is located in the Giridih district of Jharkhand, on Parasnath Hill (also known as Shikharji or Sammed Shikhar), the highest peak in the state. The hill is part of the Parasnath Range, situated at the eastern end of the Chota Nagpur Plateau. The settlement at the base is called Madhuban, from where pilgrims begin their ascent, which is approximately 9– Parasnath Hill is celebrated as the place where Parshvanatha, the 23rd Jain Tirthankara, attained moksha in 772 BCE.",4.6,https://images.trvl-media.com/place/553248635974899511/f7a1deb6-aa4c-487e-981f-11577751826a.jpg,"Parasnath is one of the most sacred Jain pilgrimage sites in India (22 of 24 tirthankaras are believed to have attained moksha here), offering an extensive, scenic trek to hilltop temples — though a few non-Jain visitors reported feeling unwelcome, and food quality drew mixed reviews.",0.511,Positive
Patratu Dam,Ranchi,Jharkhand,Dam,23.6012535,85.3112785,"water,reservoir,scenic,nature","sightseeing,photography","Winter,Monsoon",peaceful,"Patratu Dam, located near Ramgarh in Jharkhand, is a picturesque reservoir built across the Nalkari River, serving both as a water supply for the Patratu Thermal Power Station and a popular tourist destination. Elevation: Storage Capacity: 81 square miles. Nearby Landmark: Panchawahini Temple, an ancient temple of religious significance.",4.2,https://dynamic-media-cdn.tripadvisor.com/media/photo-o/11/65/48/57/reservoir.jpg?w=1200&h=-1&s=1,No review text was available for this Dam in the source data.,0.202,Mixed
Rajrappa Temple,Hazaribagh,Jharkhand,Temple,23.6320271,85.7105362,"religious,spiritual,heritage","worship,sightseeing",All Season,peaceful,"Rajrappa Temple is an ancient and powerful Hindu pilgrimage site in Jharkhand, dedicated to Goddess Chhinnamasta, a fierce form of Shakti, set amidst scenic rivers and waterfalls. Rajrappa Temple, also known as Chhinnamasta Temple, is located in the Ramgarh district of Jharkhand, at the confluence of the Damodar and Bhairavi (Bhera) rivers. The site is renowned for its spiritual intensity, Tantric traditions, and distinctive architecture. The main deity is Goddess Chhinnamasta, depicted as headless, standing on a lotus bed over Kamdev and Rati, with three streams of blood symbolizing life-force, transformation, and spiritual empowerment. The temple is considered over 6,000 years old and is recognized as one of the 51 Shakti Peethas, making it a significant center of Shakti worship.",4.3,https://indiano.travel/wp-content/uploads/2022/05/Rajrappa-Mandir-1.jpg,"Rajrappa (Chinnamasta) Temple is best visited on a weekday afternoon for a peaceful, low-pressure experience — weekend queues can top 800 people and take over two hours, and some visitors report corrupt behavior from staff.",0.888,Positive
Sadni Falls,Gumla,Jharkhand,Waterfall,23.3012557,84.2020082,"nature,waterfall,photography,scenic","sightseeing,picnic,photography","Monsoon,Winter",adventurous,"Sadni Falls, also called Sadnighagh Falls, is located near Rajadera village in the Gumla district of Jharkhand. It is a picturesque 200 ft snake-type waterfall in Jharkhand, India, known for its natural beauty, historical diamond mining, and lush forest surroundings. It lies on the Sankh River and is surrounded by dense forests and hillocks, offering a serene natural environment. Additionally, Sadni Falls was a hub of diamond mining during the 16th and 17th centuries, producing some large and fine diamonds.",4.2,https://dynamic-media-cdn.tripadvisor.com/media/photo-o/1d/70/ac/a9/sajni-falls.jpg?w=1200&h=1200&s=1,Sadni Falls (Gumla) is a multi-stage waterfall with a scenic access road and a nearby dam for boating; water flow is much reduced outside monsoon season. Two of the four scraped reviews were actually about an unrelated waterfall in Karnataka and were excluded from this summary.,0.052,Neutral
Sanskriti Museum and Art Gallery,Hazaribagh,Jharkhand,Museum,24.00970407,85.37869941,"history,culture,heritage,education","learning,sightseeing",All Season,educational,"Sanskriti Museum and Art Gallery in Hazaribagh, Jharkhand, showcases prehistoric artifacts, tribal art, and the rich cultural heritage of the region, making it a key destination for history and art enthusiasts. It is situated on a 3-acre campus, previously the Tea Garden District Labour Association building, surrounded by a grove of trees. The museum aims to preserve and promote the archaeology, tribal culture, and local arts of Jharkhand. The museum consists of three major galleries: Archaeological Gallery: Displays Palaeolithic to Neolithic stone tools, microliths, and bronze to Iron Age artifacts, including potteries and Buddhist antiquities from the Hazaribagh region. Ethnological Gallery: Dedicated to tribals such as Birhors, Santhals, and Oraons, featuring monographs on their folklore, songs, ethnobotany, and lifestyle.",4.1,https://dynamic-media-cdn.tripadvisor.com/media/photo-o/1c/ab/3a/18/photo1jpg.jpg?w=1200&h=-1&s=1,"Sanskriti Museum offers an intimate, often personally-guided experience (sometimes by founder Bulu Imam himself) through a rich, three-generation collection of tribal Adivasi art in peaceful surroundings.",0.936,Positive
Shivganga,Deoghar,Jharkhand,Religious,24.4953694,86.7029404,"religious,spiritual,culture","worship,sightseeing",All Season,spiritual,"Shivganga is a sacred pond near the Baba Baidyanath Temple in Deoghar, Jharkhand, revered for its religious significance and spiritual heritage. Shivganga is a holy pond located just about It is believed that the pond was created by Lord Shiva himself, who struck the earth with his fist to obtain water for purification after his ablutions. Another legend credits Ravana with the creation of the pond, where a blow from his fist produced the water stream forming the sacred Kund. The devotees collect water from Shivganga to offer at the Baidyanath Temple, as it is considered blessed by Lord Shiva.",4,https://www.nativeplanet.com/photos/929x523x90/2019/01/photo-92-150337-1.jpg,No review text was available for this Religious in the source data.,,N/A (no review data)
Sita Falls,Ranchi,Jharkhand,Waterfall,23.3419625,85.6438997,"nature,waterfall,photography,scenic","sightseeing,picnic,photography","Monsoon,Winter",adventurous,"Sita Falls is a stunning waterfall located in Ranchi district, Jharkhand, known for its natural beauty, serene surroundings, and trekking experiences. The waterfall forms a natural pool at the base, ideal for relaxation and cooling off. Mist from the falls adds to the tranquil atmosphere. Trekking enthusiasts can hike over boulders and cross streams to reach the base of the falls, with a short but exhilarating trail suitable for able-bodied visitors, though it may be challenging for children and the elderly.",4.2,https://dynamic-media-cdn.tripadvisor.com/media/photo-o/26/c8/a4/17/sita-falls.jpg?w=1200&h=-1&s=1,"Dassam Falls is an impressive 144-ft, ten-stream waterfall with safe, railed staircase access and a clean, well-managed site — a standout among Ranchi's waterfalls, though not wheelchair accessible.",,N/A (source reviews are about a different location)
State Museum Hotwar,Ranchi,Jharkhand,Museum,23.38355625,85.38543561,"history,culture,heritage,education","learning,sightseeing",All Season,educational,"State Museum Hotwar in Ranchi is a premier cultural museum celebrating the art, history, and heritage of Jharkhand with 10 diverse galleries and rich exhibits. State Museum Hotwar, also known as Ranchi Museum previously, is located within the Khelgaon Mega Sports Complex in Hotwar, Ranchi, Jharkhand, India. It was inaugurated on 10 September 2009 by the then Vice President of India, Mohammad Hamid Ansari, to preserve and showcase the archaeological, historical, and cultural heritage of the state. The current secretary of the museum is Vandana Dadel. The original museum, Ranchi Museum, was established in 1974 on the premises of the Tribal Research Institute at Morabadi, Ranchi.",4.1,https://imgs.search.brave.com/GxqrgnF2Ay2WNTApGeR0QZjRAqcZFbXDMPv03POrH6U/rs:fit:500:0:1:0/g:ce/aHR0cHM6Ly93d3cu/am9vbnNxdWFyZS5j/b20vdXNlcm1hbmFn/ZS9pbWFnZS9idXNp/bmVzcy9zdGF0ZS1t/dXNldW0taG90d2Fy/LXJhbmNoaS01ODYx/Ni9zdGF0ZS1tdXNl/dW0taG90d2FyLXJh/bmNoaS1zdGF0ZS1t/dXNldW0taG90d2Fy/LTAzLmpwZw,No review text was available for this Museum in the source data.,,N/A (source reviews are about a different location)
Tata Steel Zoological Park,Jamshedpur,Jharkhand,Park,22.8173508,86.19483762,"nature,greenery","walking,picnic,relax,photography","Winter,Spring",family-friendly,"Tata Steel Zoological Park in Jamshedpur, Jharkhand, is a well-maintained urban zoo offering a diverse range of wildlife, conservation programs, and recreational activities for families and nature enthusiasts. Group bookings and school trips have discounts. Separate charges apply for boating and safari rides Zoo Safari: Small safari to observe herbivores and other animals in a dedicated area Boating: Available on Jayanti Sarovar (Jubilee Lake) with paddle and rowboats for scenic and relaxing experiences Bird Watching & Photography: Aviaries and open spaces host colorful bird species ideal for enthusiasts Educational Programs: Conservation awareness campaigns, workshops, and school programs Visitor Amenities: Shaded walking paths, seating areas, drinking water, restrooms, battery-operated vehicles for mobility, and ample secure parking Onsite cafeteria and nearby food stalls and restaurants in Sakchi, Bistupur, and Sonari Recent upgrades include remodeled enclosures for leopards, striped hyenas, blackbuck, and nilgai; new veterinary facilities; improved boundary walls and visitor access points. Completion of renovation projects is expected by 2025.",4.3,https://imgs.search.brave.com/ZwKLFBGXmZoYCr8bhrybDpAvaO3hnboCDHw8GdQhqvQ/rs:fit:860:0:0:0/g:ce/aHR0cHM6Ly9zN2Fw/MS5zY2VuZTcuY29t/L2lzL2ltYWdlL2lu/Y3JlZGlibGVpbmRp/YS90YXRhLXN0ZWVs/LXpvb2xvZ2ljYWwt/cGFyay1qYW1zaGVk/cHVyLWpoYXJraGFu/ZC0xLWF0dHItaGVy/bz9xbHQ9ODImdHM9/MTc0MjE3MjAxMjg1/MA,"Jubilee Park is a well-maintained, scenic park with gardens, a pond, and hill views, often compared favorably to some of India's top public gardens — a strong pick for family outings.",0.919,Positive
Tenughat Dam,Bokaro,Jharkhand,Dam,23.7257956,85.83604727,"water,reservoir,scenic,nature","sightseeing,photography","Winter,Monsoon",peaceful,"Tenughat Dam is a major earthfill dam built across the Damodar River in Bokaro district, Jharkhand, serving as a primary water source for industries, irrigation, and drinking supply in the region. Constructed in the early 1970s and commissioned in the early 1980s, it forms the expansive Tenughat Reservoir and supplies water to the Bokaro Steel Plant via a long canal. Beyond its industrial significance, the dam is a popular destination known for its scenic reservoir, lush green surroundings, and tranquil environment.",3.9,https://pbs.twimg.com/media/EN-rHvFUYAAglbJ.jpg,No review text was available for this Dam in the source data.,,N/A (no review data)
Tilaiya Dam,Kodarma,Jharkhand,Dam,24.3243217,85.5209653,"water,reservoir,scenic,nature","sightseeing,photography","Winter,Monsoon",peaceful,"Tilaiya Dam, located in Koderma district, Jharkhand, is a historic multipurpose dam built on the Barakar River, offering flood control, hydroelectric power, and scenic recreational opportunities. Inauguration: 21 February 1953 Constructed by: Damodar Valley Corporation (DVC), India’s first multipurpose river valley project of independent India 28 metres (99.3 ft) 08 sq km with a total capacity of.",4,https://upload.wikimedia.org/wikipedia/commons/thumb/3/32/TILAIYA_DAMM.jpg/500px-TILAIYA_DAMM.jpg,"Tata Steel Zoological Park is well-maintained with a good variety of animals and popular for family visits with children, though visitor access reportedly changed to a less safe route along a highway instead of a former internal path.",,N/A (source reviews are about a different location)
Topchanchi Lake,Dhanbad,Jharkhand,Lake,23.920151,86.180218,"lake,nature,water,scenic","boating,picnic,photography,sightseeing",Winter,peaceful,"Topchanchi Lake is a serene artificial lake in Dhanbad, Jharkhand, surrounded by lush greenery and hills, offering a blend of natural beauty, wildlife, and recreational opportunities. Topchanchi Lake is an artificial reservoir created by damming a stream to supply water to Dhanbad and its suburban areas. The lake covers an expanse of 214 acres including the wildlife sanctuary and was originally constructed in 1915 or 1924 during British India, depending on historical sources. The lake is maintained by the Coal Mining Area Development Authority and serves as a scenic and tranquil retreat for tourists, nature lovers, and picnic-goers. Topchanchi Lake is surrounded by green hillocks, forests, and views of the Parasnath Hills, making it a natural paradise for relaxation and photography.",4.4,https://dynamic-media-cdn.tripadvisor.com/media/photo-o/10/66/88/c4/fotor-150285430797954.jpg?w=900&h=500&s=1,No review text was available for this Lake in the source data.,,N/A (source reviews are about a different location)
Tribal Research Institute and Museum,Ranchi,Jharkhand,Museum,23.39422848,85.33324553,"history,culture,heritage,education","learning,sightseeing",All Season,educational,"The Tribal Research Institute and Museum in Ranchi, Jharkhand, preserves and showcases the rich cultural heritage, lifestyle, and artifacts of Jharkhand’s indigenous tribes. The Tribal Research Institute and Museum—also associated with the Dr. Ram Dayal Munda Tribal Welfare Research Institute—is located at Hill Heart Apartment, Morabadi Road, Ranchi, Jharkhand, 834008. Established originally in 1953 as a research and training institute, the museum serves as a cultural and educational hub for the study and preservation of Scheduled Tribes in Jharkhand. The institute focuses on research, training, evaluation, and publications on tribal issues, while the museum preserves tribal art, culture, and everyday objects.",4,https://imgs.search.brave.com/PPk1mK3v_k1Wz4Ivp1_22MSx9E0IKmMTgAR59SABy_k/rs:fit:860:0:0:0/g:ce/aHR0cHM6Ly9jb250/ZW50LmpkbWFnaWNi/b3guY29tL2NvbXAv/cmFuY2hpL3I5LzA2/NTFweDY1MS54NjUx/LjE0MTIyNjE0MzMw/OC53OHI5L2NhdGFs/b2d1ZS90cmliYWwt/cmVzZWFyY2gtaW5z/dGl0dXRlLWFuZC1t/dXNldW0tcmFuY2hp/LWdwby1yYW5jaGkt/dG91cmlzdC1hdHRy/YWN0aW9uLTNubXdm/dWwucG5nP3c9Mzg0/MCZxPTc1,No review text was available for this Museum in the source data.,,N/A (source reviews are about a different location)
Trikuta Hills,Jamshedpur,Jharkhand,Hill,24.49820462,86.83660208,"hills,scenic,nature","trekking,sightseeing,photography",Winter,peaceful,"Trikuta Hills, also called Trikut Hill, are a sacred three-peaked hill near Deoghar, Jharkhand, renowned for their spiritual, natural, and adventure attractions. Elevation: Highest peak reaches 2,470 feet ( Rivers: Origin of the Mayurakshi River, which flows through Jharkhand and West Bengal into the Hooghly River. The hill consists of three peaks, symbolically associated with the Hindu gods Brahma, Vishnu, and Mahesh (Shiva). Trikut Hill holds deep religious importance in Hinduism, particularly tied to the Ramayana.",4,https://imgs.search.brave.com/xVYa-MAFiQirRv620jbmIPs3_NjdL1PKBepbMtSp-HM/rs:fit:860:0:0:0/g:ce/aHR0cHM6Ly9pMC53/cC5jb20vYW5nZGVz/aC5jb20vd3AtY29u/dGVudC91cGxvYWRz/LzIwMjIvMDIvdHJp/a3V0YS1wYXJ2YXRh/LWRlb2doYXIuanBn/P3c9NzQ1,No review text was available for this Hill in the source data.,,N/A (source reviews are about a different location)
Usri Falls,Giridih,Jharkhand,Waterfall,24.0966563,86.3708746,"nature,waterfall,photography,scenic","sightseeing,picnic,photography","Monsoon,Winter",adventurous,"Usri Falls is a scenic waterfall in Giridih, Jharkhand, where the Usri River plunges approximately 39 feet in three streams amid dense forests, offering a peaceful and photogenic location for nature lovers and picnickers. Water cascades in three separate streams, creating a segmented waterfall approximately 100 feet wide, with polished stone surfaces and a dense forest backdrop.",4.1,https://upload.wikimedia.org/wikipedia/commons/3/33/Ushri_falls.JPG,"Usri Falls is a scenic waterfall with a pleasant drive from Giridih/Dhanbad and free entry, though litter and poorly maintained viewing structures are a recurring complaint.",0.891,Positive