Name,Region,Type,Category,Price/Night,Amenities,Rating,Recommended For
The Lalit Grand Palace,Srinagar,Hotel,5-Star Luxury,18000,"Pool, Spa, Restaurant, WiFi",4.8,Luxury travellers
WelcomHotel Dal View,Srinagar,Hotel,5-Star,14000,"Restaurant, Bar, Gym, WiFi",4.6,"Business travellers, Couples"
Houseboat Heritage,Dal Lake,Houseboat,Deluxe,6500,"Shikara, Meals, WiFi",4.7,"Couples, Unique experience seekers"
Khyber Himalayan Resort,Gulmarg,Resort,5-Star Luxury,25000,"Spa, Ski Access, Pool, WiFi",4.9,"Luxury travellers, Ski enthusiasts"
The Vintage,Gulmarg,Hotel,4-Star,8500,"Restaurant, Ski Hire, WiFi",4.5,"Ski enthusiasts, Adventure seekers"
Pine Spring Resort,Pahalgam,Resort,4-Star,7200,"Garden, Restaurant, WiFi",4.4,"Families, Nature lovers"
Alps Resort,Pahalgam,Resort,3-Star,4500,"Restaurant, Bonfire, WiFi",4.2,"Budget travellers, Backpackers"
The Glacier Heights,Sonamarg,Hotel,3-Star,3800,"Restaurant, Trekking Desk",4.1,"Trekkers, Adventure seekers"
Houseboat Young Star,Dal Lake,Houseboat,Standard,3500,"Shikara, Breakfast",4,"Budget travellers, Solo travellers"
Camp Pine Valley,Yusmarg,Camping,Eco Luxury,4000,"Bonfire, Meals, Nature Walks",4.3,"Nature lovers, Eco travellers"
Radisson Hotel Jammu,Jammu,Hotel,5-Star,9500,"Pool, Spa, Restaurant, Bar, WiFi",4.5,"Business travellers, Luxury seekers"
Fortune Inn Riviera,Jammu,Hotel,4-Star,6500,"Restaurant, Gym, WiFi, Parking",4.3,"Business travellers, Families"
Hari Niwas Palace,Jammu,Hotel,Heritage,8000,"Garden, Restaurant, WiFi, Heritage Stay",4.6,"Heritage lovers, Couples, History enthusiasts"
Hotel Jewel's,Jammu,Hotel,3-Star,3200,"Restaurant, WiFi, Parking",4.1,"Budget travellers, Pilgrims"
Katra Residency,Katra,Hotel,3-Star,3500,"Restaurant, WiFi, Parking, Temple Desk",4.2,"Pilgrims, Vaishno Devi visitors"
Hotel Shiv Shakti,Katra,Hotel,2-Star,1800,"Restaurant, WiFi",3.9,"Budget pilgrims, Solo travellers"
The Natraj Hotel Katra,Katra,Hotel,3-Star,2800,"Restaurant, WiFi, Room Service",4,"Pilgrims, Families"
Mount View Hotel Patnitop,Patnitop,Hotel,3-Star,4200,"Restaurant, Bonfire, Trekking Desk, WiFi",4.2,"Nature lovers, Trekkers, Families"
Snow Valley Resorts Patnitop,Patnitop,Resort,3-Star,5000,"Restaurant, Skiing, Bonfire, WiFi",4.3,"Ski enthusiasts, Adventure seekers"
Hotel Vaishali Udhampur,Udhampur,Hotel,2-Star,1500,"Restaurant, WiFi",3.8,"Budget travellers, Transit guests"
Bahu Fort Heritage Stay,Jammu,Heritage,Boutique,7000,"Heritage Walks, Restaurant, WiFi",4.4,"Heritage lovers, Couples, Photographers"
Camp Shivalik Sanasar,Sanasar,Camping,Eco Luxury,3800,"Bonfire, Paragliding, Meals, Nature Walks",4.5,"Adventure seekers, Nature lovers"
Pine Grove Resort Sanasar,Sanasar,Resort,3-Star,4500,"Restaurant, Paragliding Desk, WiFi",4.2,"Adventure seekers, Families"
Hotel Royal Banihal,Banihal,Hotel,2-Star,1800,"Restaurant, WiFi",3.8,"Transit guests, Budget travellers"
Surinsar Lake Camp,Surinsar,Camping,Standard,2500,"Bonfire, Meals, Boating",4.1,"Nature lovers, Couples, Budget travellers"