Shop_name,District,Category,Products Available,Timing,Nearest Landmark,Rating,Special Attraction,Recommended For
Tribal Arts & Crafts Emporium (Jharkhand Hastshilp),Ranchi,Tribal Market,"Dokra Art, Bamboo Craft, Paitkar Painting, Tribal Jewellery",10AM-6PM (Mon-Sat),Albert Ekka Chowk,4.6,Authentic tribal artifacts at fixed prices,"Souvenirs, Unique Gifts"
City Centre Mall,Ranchi,Shopping Mall,"Apparel, Electronics, Food Court, Cinema",10AM-10PM,Lowadih,4.1,Food court,"Family, Youth"
Main Road Market,Ranchi,Local Market,"Clothes, Jewellery, Electronics, Street Food",9AM-9PM,Main Road,3.9,Bargain shopping,Budget Shoppers
Kanke Road Furniture Market,Ranchi,Specialty Market,"Bamboo & Cane Furniture, Home Decor",9AM-7PM,Kanke Road,4,Large bamboo furniture selection,"Interior, Home Decor"
Puja Samagri Bazaar,Deoghar,Religious Market,"Puja items, Rudraksha, Conch, Sacred Thread, Images",5AM-9PM,Baidyanath Temple Gate,4.5,Wide range of puja items near temple,"Pilgrims, Devotees"
Bistupur Market,Jamshedpur,Urban Market,"Branded Clothing, Electronics, Jewellery, Cosmetics",9:30AM-9PM,Bistupur Square,4.2,Well-organized commercial area,"Family, Fashion"
Sakchi Market,Jamshedpur,Local Market,"Sarees, Zari Work, Kitchen Goods, Fruits",8AM-8PM,Sakchi Roundabout,3.8,Local saree varieties,"Local Shoppers, Women"
Tata Steel Employee Cooperative Store,Jamshedpur,Urban Market,"Groceries, Electronics, Clothing, Stationery",9AM-8PM,Tata Main Hospital,4.3,Subsidized rates for all,"Locals, Value Shoppers"
Jharkhand Silk House,Ranchi,Clothing Store,"Tussar Silk Sarees, Dress Materials, Stoles",10AM-7:30PM,Harmu Housing Colony,4.7,Authentic Jharkhand Tussar silk,"Saree Lovers, Gifting"
Dhanbad Book Market,Dhanbad,Bookstore,"Books, Stationery, Competitive Exam Books",9AM-8PM,Bank More,4,Exam & school books at low prices,"Students, Academicians"
Bank More Shopping Complex,Dhanbad,Urban Market,"Clothes, Electronics, Jewellery, Groceries",9AM-9PM,Bank More,3.8,Central hub for Dhanbad shoppers,"Locals, Families"
Hazaribagh Natural Honey Shop,Hazaribagh,Organic,"Organic Forest Honey, Herbal Products, Local Spices",8AM-6PM,Hazaribagh Town,4.5,Pure forest honey from tribal collectors,"Health Lovers, Gifts"
Madhuban Market,Deoghar,Religious Market,"Religious Souvenirs, Clothes, Accessories",6AM-9PM,Madhuban Junction,4,Affordable religious shopping,"Pilgrims, Tourists"
Bokaro Steel City Market,Bokaro,Industrial Market,"Steel Goods, Electronics, Clothing, Groceries",9AM-8PM,"Sector 4, BSL",3.7,Steel-made home utilities unique to region,"Unique Keepsakes, Locals"
Dumka Tribal Haat,Dumka,Tribal Market,"Tribal Jewellery, Vegetables, Livestock, Handicrafts",Thursdays 6AM-2PM,Dumka Market,4.6,Authentic weekly tribal market,"Cultural Experience, Souvenirs"
Paitkar Village Art Shop,Jamtara,Craft,Paitkar Scroll Paintings (Patachitra),8AM-5PM,Paitkar Village,4.8,Source of original Paitkar scroll paintings,"Art Collectors, Souvenirs"
Dokra Metal Craft Centre,Dumka,Craft,"Dokra Brass Figurines, Tribal Ornaments",9AM-6PM,Dumka Haat,4.7,Direct from Dokra artisans,"Art, Unique Gifts"
Ranchi Flower Market (Phool Bazar),Ranchi,Flower & Decor,"Fresh Flowers, Garlands, Potted Plants",5AM-8PM,Shahid Chowk,4.2,Vibrant early morning flower market,"Events, Decoration"
Giridih Gems & Minerals Shop,Giridih,Organic,"Mica, Quartz, Semi-precious stones, Fossils",9AM-6PM,Giridih Town,4.4,Locally mined minerals & gems,"Collectors, Curious Tourists"
Lohardaga Traditional Bazaar,Lohardaga,Tribal Market,"Tribal Accessories, Local Agricultural Products",7AM-6PM,Lohardaga Town Centre,4.1,Traditional tribal goods & produce,"Cultural, Budget Shoppers"
Tussar Silk Weavers Cooperative,Bhagabanahalli,Clothing Store,"Handwoven Tussar Silk Fabric, Sarees",9AM-5PM,Near Ranchi-Jamshedpur Highway,4.8,Handwoven by local weavers at source,"Fabric Lovers, Artisans"
Alpha Mall,Bokaro,Shopping Mall,"Fashion, Electronics, Food Court",11AM-9:30PM,City Centre Bokaro,4,Modern mall experience,"Youth, Family"
Chutia Haat (Weekly Market),Ranchi,Local Market,"Vegetables, Livestock, Tribal Goods, Local Food",Saturdays 5AM-1PM,Chutia Village Ranchi,4.3,Largest weekly haat near Ranchi,"Cultural Experience, Bargains"
Netarhat Stone & Wood Craft,Netarhat,Craft,"Wooden Craft, Stone Carvings, Forest Products",8AM-6PM,Netarhat Bus Stand,4.2,Forest-themed souvenirs from Netarhat,"Nature Tourists, Collectors"
Ranchi E-Zone,Ranchi,Electronics Market,"Mobiles, Laptops, Accessories, Repairs",10AM-8:30PM,Firayalal Chowk,3.8,Competitive electronics pricing,"Tech Buyers, Repair"